{
  "id": "102019c197b918b7b98a02bd031798398c9",
  "version": "102019c197b918b7ad5b918b7d8c51e060b",
  "schema": {
    "name": "user",
    "description": "Represents a registered user on the TruePath platform.",
    "fields": [
      {
        "name": "id",
        "description": "Unique identifier for the user.",
        "type": 1,
        "compliance": {
          "confidentiality": 1,
          "reason": "Public identifier"
        }
      },
      {
        "name": "data_creator",
        "description": "id of the user who creates the record",
        "type": 1,
        "compliance": {
          "confidentiality": 2,
          "reason": "Internal auditing"
        }
      },
      {
        "name": "data_updater",
        "description": "id of the user who updates the record",
        "type": 1,
        "compliance": {
          "confidentiality": 2,
          "reason": "Internal auditing"
        }
      },
      {
        "name": "create_time",
        "description": "create time in timestamp unix",
        "type": 1,
        "compliance": {
          "confidentiality": 1,
          "reason": "Public timestamp"
        },
        "format": "timestamp"
      },
      {
        "name": "update_time",
        "description": "update time in timestamp unix",
        "type": 1,
        "compliance": {
          "confidentiality": 1,
          "reason": "Public timestamp"
        },
        "format": "timestamp"
      },
      {
        "name": "email",
        "description": "User's email address used for login and communication.",
        "type": 1,
        "compliance": {
          "confidentiality": 3,
          "reason": "PII"
        },
        "format": "email"
      },
      {
        "name": "password",
        "description": "Encrypted password for user authentication.",
        "type": 1,
        "compliance": {
          "confidentiality": 4,
          "reason": "Authentication credential"
        },
        "encryption": true,
        "format": "password"
      },
      {
        "name": "subscription_tier",
        "description": "The tier of subscription the user is currently on.",
        "type": 100,
        "compliance": {
          "confidentiality": 2,
          "reason": "Business logic"
        },
        "enumeration": [
          {
            "value": "Unspecified"
          },
          {
            "number": 1,
            "value": "Free"
          },
          {
            "number": 2,
            "value": "Standard"
          },
          {
            "number": 3,
            "value": "Premium"
          }
        ]
      },
      {
        "name": "subscription_status",
        "description": "Current status of the user's subscription.",
        "type": 100,
        "compliance": {
          "confidentiality": 2,
          "reason": "Business logic"
        },
        "enumeration": [
          {
            "value": "Unspecified"
          },
          {
            "number": 1,
            "value": "Active"
          },
          {
            "number": 2,
            "value": "Inactive"
          },
          {
            "number": 3,
            "value": "PastDue"
          },
          {
            "number": 4,
            "value": "Canceled"
          }
        ]
      },
      {
        "name": "gdpr_preferences",
        "description": "JSON string storing user's GDPR consent and marketing preferences.",
        "type": 1,
        "compliance": {
          "confidentiality": 3,
          "reason": "Legal preference data"
        },
        "nullable": true
      }
    ],
    "indexes": [
      {
        "fields": [
          "id"
        ],
        "unique": true,
        "primary": true,
        "order": false
      },
      {
        "fields": [
          "email"
        ],
        "unique": true,
        "order": false
      },
      {
        "fields": [
          "data_creator"
        ],
        "order": false
      },
      {
        "fields": [
          "data_updater"
        ],
        "order": false
      }
    ]
  },
  "task": {
    "id": "697f4eb511511c763d608cc7",
    "root": "697f4eb511511c763d608cc7",
    "project": "697f4eb511511c763d608cc6",
    "user": "58a1e3d0-00b1-7089-35ef-f5ac7c993564"
  },
  "namespace": {
    "id": "01987547fc6c72ecb453bd2736bd4ea0",
    "tenant": 2,
    "name": "global-1",
    "default": true
  },
  "revision": 1
}