{
  "id": "102019c196a33747ccd89fbb003d8e6de50",
  "version": "102019c19d2f9407e0ab714914a7264fa86",
  "schema": {
    "name": "cv",
    "description": "Curriculum Vitae entity containing professional details of a user.",
    "fields": [
      {
        "name": "id",
        "description": "Unique identifier for the CV.",
        "type": 1,
        "compliance": {
          "confidentiality": 1,
          "reason": "Public identifier"
        }
      },
      {
        "name": "data_creator",
        "description": "id of the user who creates the record",
        "type": 1,
        "compliance": {
          "confidentiality": 2,
          "reason": "Internal auditing"
        }
      },
      {
        "name": "data_updater",
        "description": "id of the user who updates the record",
        "type": 1,
        "compliance": {
          "confidentiality": 2,
          "reason": "Internal auditing"
        }
      },
      {
        "name": "create_time",
        "description": "create time in timestamp unix",
        "type": 1,
        "compliance": {
          "confidentiality": 1,
          "reason": "Public timestamp"
        },
        "format": "timestamp"
      },
      {
        "name": "update_time",
        "description": "update time in timestamp unix",
        "type": 1,
        "compliance": {
          "confidentiality": 1,
          "reason": "Public timestamp"
        },
        "format": "timestamp"
      },
      {
        "name": "user_id",
        "description": "ID of the user who owns this CV.",
        "type": 1,
        "compliance": {
          "confidentiality": 2,
          "reason": "Linkage to user entity"
        }
      },
      {
        "name": "template_type",
        "description": "The design template used for this CV.",
        "type": 100,
        "compliance": {
          "confidentiality": 2,
          "reason": "Preference data"
        },
        "enumeration": [
          {
            "value": "Unspecified"
          },
          {
            "number": 1,
            "value": "Modern"
          },
          {
            "number": 2,
            "value": "Classic"
          },
          {
            "number": 3,
            "value": "Creative"
          },
          {
            "number": 4,
            "value": "Technical"
          }
        ]
      },
      {
        "name": "career_level",
        "description": "The experience level targeted by this CV.",
        "type": 100,
        "compliance": {
          "confidentiality": 3,
          "reason": "Personal professional data"
        },
        "enumeration": [
          {
            "value": "Unspecified"
          },
          {
            "number": 1,
            "value": "EntryLevel"
          },
          {
            "number": 2,
            "value": "MidLevel"
          },
          {
            "number": 3,
            "value": "Senior"
          },
          {
            "number": 4,
            "value": "Executive"
          }
        ]
      },
      {
        "name": "target_role",
        "description": "The primary job title or role this CV is targeting.",
        "type": 1,
        "compliance": {
          "confidentiality": 3,
          "reason": "Personal professional data"
        },
        "nullable": true
      },
      {
        "name": "personal_profile",
        "description": "Personal profile text summarizing the candidate's bio.",
        "type": 1,
        "compliance": {
          "confidentiality": 3,
          "reason": "Personal candidate background information"
        },
        "nullable": true
      },
      {
        "name": "skills",
        "description": "JSON string containing the candidate's skills and proficiency levels.",
        "type": 1,
        "compliance": {
          "confidentiality": 3,
          "reason": "Personal candidate skills data"
        },
        "nullable": true
      },
      {
        "name": "experience",
        "description": "JSON string containing an array of work history objects.",
        "type": 1,
        "compliance": {
          "confidentiality": 3,
          "reason": "Personal professional history"
        },
        "nullable": true
      },
      {
        "name": "education",
        "description": "JSON string containing an array of education history objects.",
        "type": 1,
        "compliance": {
          "confidentiality": 3,
          "reason": "Personal educational history"
        },
        "nullable": true
      },
      {
        "name": "certifications",
        "description": "JSON string containing an array of certification objects.",
        "type": 1,
        "compliance": {
          "confidentiality": 3,
          "reason": "Personal professional qualifications"
        },
        "nullable": true
      },
      {
        "name": "projects",
        "description": "JSON string containing an array of relevant projects.",
        "type": 1,
        "compliance": {
          "confidentiality": 3,
          "reason": "Personal project portfolio"
        },
        "nullable": true
      },
      {
        "name": "uk_qualifications",
        "description": "JSON string containing specific UK qualification details (e.g., GCSEs, A-Levels).",
        "type": 1,
        "compliance": {
          "confidentiality": 3,
          "reason": "Personal educational history"
        },
        "nullable": true
      },
      {
        "name": "is_apprenticeship_cv",
        "description": "Indicates if the CV is specifically tailored for apprenticeship applications.",
        "type": 3,
        "compliance": {
          "confidentiality": 2,
          "reason": "Classification logic"
        }
      }
    ],
    "indexes": [
      {
        "fields": [
          "id"
        ],
        "unique": true,
        "primary": true,
        "order": false
      },
      {
        "fields": [
          "user_id"
        ],
        "order": false
      },
      {
        "fields": [
          "data_creator"
        ],
        "order": false
      },
      {
        "fields": [
          "data_updater"
        ],
        "order": false
      }
    ],
    "relations": [
      {
        "referencing_fields": [
          "user_id"
        ],
        "referenced_entity": {
          "name": "user"
        },
        "referenced_fields": [
          "id"
        ],
        "cascade": true
      }
    ]
  },
  "task": {
    "id": "697f714fe9f48e40318e4c00",
    "root": "697f4eb511511c763d608cc7",
    "project": "697f4eb511511c763d608cc6",
    "user": "58a1e3d0-00b1-7089-35ef-f5ac7c993564"
  },
  "namespace": {
    "id": "01987547fc6c72ecb453bd2736bd4ea0",
    "tenant": 2,
    "name": "global-1",
    "default": true
  },
  "revision": 1
}