{
  "id": "102019c197bc6347bdfb06a99ef6374504c",
  "version": "102019c19d2f9407e0ab714914a7264fa86",
  "schema": {
    "name": "usage_tracking",
    "description": "Tracks user activity limits and usage statistics for features.",
    "fields": [
      {
        "name": "id",
        "description": "Unique identifier for the usage record.",
        "type": 1,
        "compliance": {
          "confidentiality": 1,
          "reason": "Public identifier"
        }
      },
      {
        "name": "data_creator",
        "description": "id of the user who creates the record",
        "type": 1,
        "compliance": {
          "confidentiality": 2,
          "reason": "Internal auditing"
        }
      },
      {
        "name": "data_updater",
        "description": "id of the user who updates the record",
        "type": 1,
        "compliance": {
          "confidentiality": 2,
          "reason": "Internal auditing"
        }
      },
      {
        "name": "create_time",
        "description": "create time in timestamp unix",
        "type": 1,
        "compliance": {
          "confidentiality": 1,
          "reason": "Public timestamp"
        },
        "format": "timestamp"
      },
      {
        "name": "update_time",
        "description": "update time in timestamp unix",
        "type": 1,
        "compliance": {
          "confidentiality": 1,
          "reason": "Public timestamp"
        },
        "format": "timestamp"
      },
      {
        "name": "user_id",
        "description": "ID of the user tracked.",
        "type": 1,
        "compliance": {
          "confidentiality": 2,
          "reason": "Linkage to user"
        }
      },
      {
        "name": "cv_builds_count",
        "description": "Count of CVs built in the current period.",
        "type": 2,
        "compliance": {
          "confidentiality": 2,
          "reason": "Usage limits"
        },
        "numeric": "int"
      },
      {
        "name": "cv_optimizations_count",
        "description": "Count of CV optimizations performed.",
        "type": 2,
        "compliance": {
          "confidentiality": 2,
          "reason": "Usage limits"
        },
        "numeric": "int"
      },
      {
        "name": "linkedin_optimizations_count",
        "description": "Count of LinkedIn optimizations performed.",
        "type": 2,
        "compliance": {
          "confidentiality": 2,
          "reason": "Usage limits"
        },
        "numeric": "int"
      },
      {
        "name": "interview_prep_count",
        "description": "Count of interview preparation sessions used.",
        "type": 2,
        "compliance": {
          "confidentiality": 2,
          "reason": "Usage limits"
        },
        "numeric": "int"
      },
      {
        "name": "last_reset_date",
        "description": "Timestamp when usage counts were last reset.",
        "type": 1,
        "compliance": {
          "confidentiality": 2,
          "reason": "System logic"
        },
        "format": "timestamp"
      }
    ],
    "indexes": [
      {
        "fields": [
          "id"
        ],
        "unique": true,
        "primary": true,
        "order": false
      },
      {
        "fields": [
          "user_id"
        ],
        "order": false
      },
      {
        "fields": [
          "data_creator"
        ],
        "order": false
      },
      {
        "fields": [
          "data_updater"
        ],
        "order": false
      }
    ],
    "relations": [
      {
        "referencing_fields": [
          "user_id"
        ],
        "referenced_entity": {
          "name": "user"
        },
        "referenced_fields": [
          "id"
        ],
        "cascade": true
      }
    ]
  },
  "task": {
    "id": "697f714fe9f48e40318e4c00",
    "root": "697f4eb511511c763d608cc7",
    "project": "697f4eb511511c763d608cc6",
    "user": "58a1e3d0-00b1-7089-35ef-f5ac7c993564"
  },
  "namespace": {
    "id": "01987547fc6c72ecb453bd2736bd4ea0",
    "tenant": 2,
    "name": "global-1",
    "default": true
  },
  "revision": 1
}